"","5%","50%","95%","enbPa","elPa","elSq","eol","optimalChoice"
"NPV_dredge_check_buff"," -66405","  79055","339775"," 100520","9.4e+03","1.1e+05","9.4e+03","PA"
"NPV_dredge_check_nbuff"," -15543","  64384","209063","  76245","1.9e+03","7.8e+04","1.9e+03","PA"
"NPV_dredge_ncheck_buff"," -46005","  74202","339636"," 103477","6.6e+03","1.1e+05","6.6e+03","PA"
"NPV_dredge_ncheck_nbuff"," -14938","  42600","123384","  46446","2.0e+03","4.8e+04","2.0e+03","PA"
"NPV_ndredge_check_buff"," -66887","  67861","328810","  90031","1.1e+04","1.0e+05","1.1e+04","PA"
"NPV_ndredge_check_nbuff"," -31905","  40267","154890","  47038","5.4e+03","5.2e+04","5.4e+03","PA"
"NPV_ndredge_ncheck_buff"," -57158","  49825","329795","  84122","1.2e+04","9.6e+04","1.2e+04","PA"
"cashflow_NPV_dredge_check_buff1","-300538","-207931","-54888","-183638","1.8e+05","8.2e-01","8.2e-01","SQ"
"cashflow_NPV_dredge_check_buff2","  -6943","   6598"," 22203","   7121","9.0e+02","8.0e+03","9.0e+02","PA"
"cashflow_NPV_dredge_check_buff3","  -5213","   7805"," 23388","   8325","6.8e+02","9.0e+03","6.8e+02","PA"
"cashflow_NPV_dredge_check_buff4","  -4409","   8771"," 24884","   9323","5.5e+02","9.9e+03","5.5e+02","PA"
"cashflow_NPV_dredge_check_buff5","  -3397","   9745"," 26079","  10274","4.4e+02","1.1e+04","4.4e+02","PA"
"cashflow_NPV_dredge_check_buff6","  -1914","  10365"," 27092","  11093","3.2e+02","1.1e+04","3.2e+02","PA"
"cashflow_NPV_dredge_check_buff7","   -649","  11309"," 28501","  12111","2.4e+02","1.2e+04","2.4e+02","PA"
"cashflow_NPV_dredge_check_buff8","    352","  12034"," 29200","  12888","1.4e+02","1.3e+04","1.4e+02","PA"
"cashflow_NPV_dredge_check_buff9","    825","  12934"," 30365","  13750","1.1e+02","1.4e+04","1.1e+02","PA"
"cashflow_NPV_dredge_check_buff10","   1258","  13313"," 31462","  14241","7.6e+01","1.4e+04","7.6e+01","PA"
"cashflow_NPV_dredge_check_buff11","   1733","  13847"," 32585","  14937","5.2e+01","1.5e+04","5.2e+01","PA"
"cashflow_NPV_dredge_check_buff12","   2045","  14406"," 33660","  15392","4.3e+01","1.5e+04","4.3e+01","PA"
"cashflow_NPV_dredge_check_buff13","   2329","  14808"," 33806","  15877","2.4e+01","1.6e+04","2.4e+01","PA"
"cashflow_NPV_dredge_check_buff14","   2701","  15179"," 34601","  16368","1.6e+01","1.6e+04","1.6e+01","PA"
"cashflow_NPV_dredge_check_buff15","   2753","  15514"," 35328","  16667","1.1e+01","1.7e+04","1.1e+01","PA"
"cashflow_NPV_dredge_check_buff16","   2928","  15997"," 36228","  17072","8.7e+00","1.7e+04","8.7e+00","PA"
"cashflow_NPV_dredge_check_buff17","   3031","  16261"," 36403","  17313","8.8e+00","1.7e+04","8.8e+00","PA"
"cashflow_NPV_dredge_check_buff18","   3114","  16238"," 36112","  17387","3.7e+00","1.7e+04","3.7e+00","PA"
"cashflow_NPV_dredge_check_buff19","   3065","  16569"," 36443","  17554","4.1e+00","1.8e+04","4.1e+00","PA"
"cashflow_NPV_dredge_check_buff20","   3116","  16645"," 36773","  17679","3.5e+00","1.8e+04","3.5e+00","PA"
"cashflow_NPV_dredge_check_buff21","   3105","  16736"," 36289","  17561","3.5e+00","1.8e+04","3.5e+00","PA"
"cashflow_NPV_dredge_check_buff22","   2950","  16842"," 36063","  17578","2.3e+00","1.8e+04","2.3e+00","PA"
"cashflow_NPV_dredge_check_buff23","   2872","  16743"," 36075","  17520","3.4e+00","1.8e+04","3.4e+00","PA"
"cashflow_NPV_dredge_check_buff24","   2826","  16792"," 35721","  17486","2.3e+00","1.7e+04","2.3e+00","PA"
"cashflow_NPV_dredge_check_buff25","   2710","  16660"," 35967","  17360","2.8e+00","1.7e+04","2.8e+00","PA"
"cashflow_NPV_dredge_check_buff26","   2565","  16869"," 35995","  17381","1.8e+00","1.7e+04","1.8e+00","PA"
"cashflow_NPV_dredge_check_buff27","   2471","  16652"," 35890","  17256","2.2e+00","1.7e+04","2.2e+00","PA"
"cashflow_NPV_dredge_check_buff28","   2346","  16500"," 35419","  17135","1.7e+00","1.7e+04","1.7e+00","PA"
"cashflow_NPV_dredge_check_buff29","   2202","  16512"," 35211","  16925","1.2e+00","1.7e+04","1.2e+00","PA"
"cashflow_NPV_dredge_check_buff30","   2047","  16411"," 34773","  16802","1.4e+00","1.7e+04","1.4e+00","PA"
"cashflow_NPV_dredge_check_nbuff1"," -70702"," -56603","-26628"," -52558","5.3e+04","7.9e+00","7.9e+00","SQ"
"cashflow_NPV_dredge_check_nbuff2","  -9743","   2184"," 15563","   2499","1.5e+03","4.0e+03","1.5e+03","PA"
"cashflow_NPV_dredge_check_nbuff3","  -8460","   2977"," 16438","   3409","1.3e+03","4.7e+03","1.3e+03","PA"
"cashflow_NPV_dredge_check_nbuff4","  -7234","   3611"," 17340","   4256","1.0e+03","5.3e+03","1.0e+03","PA"
"cashflow_NPV_dredge_check_nbuff5","  -6106","   4047"," 18041","   4939","8.2e+02","5.8e+03","8.2e+02","PA"
"cashflow_NPV_dredge_check_nbuff6","  -5327","   4345"," 19058","   5379","7.2e+02","6.1e+03","7.2e+02","PA"
"cashflow_NPV_dredge_check_nbuff7","  -3881","   4954"," 18995","   6090","5.1e+02","6.6e+03","5.1e+02","PA"
"cashflow_NPV_dredge_check_nbuff8","  -2584","   5403"," 19958","   6622","3.8e+02","7.0e+03","3.8e+02","PA"
"cashflow_NPV_dredge_check_nbuff9","  -1524","   5645"," 20558","   7085","2.7e+02","7.4e+03","2.7e+02","PA"
"cashflow_NPV_dredge_check_nbuff10","   -960","   6013"," 20745","   7358","2.0e+02","7.6e+03","2.0e+02","PA"
"cashflow_NPV_dredge_check_nbuff11","   -253","   6059"," 20257","   7530","1.4e+02","7.7e+03","1.4e+02","PA"
"cashflow_NPV_dredge_check_nbuff12","     63","   6195"," 20271","   7632","1.1e+02","7.7e+03","1.1e+02","PA"
"cashflow_NPV_dredge_check_nbuff13","    502","   6315"," 19677","   7718","6.1e+01","7.8e+03","6.1e+01","PA"
"cashflow_NPV_dredge_check_nbuff14","    681","   6477"," 19783","   7863","4.9e+01","7.9e+03","4.9e+01","PA"
"cashflow_NPV_dredge_check_nbuff15","    768","   6639"," 19371","   7925","3.5e+01","8.0e+03","3.5e+01","PA"
"cashflow_NPV_dredge_check_nbuff16","   1029","   6750"," 19068","   8007","2.0e+01","8.0e+03","2.0e+01","PA"
"cashflow_NPV_dredge_check_nbuff17","   1082","   6935"," 19015","   8113","2.0e+01","8.1e+03","2.0e+01","PA"
"cashflow_NPV_dredge_check_nbuff18","   1167","   6920"," 18589","   8030","1.6e+01","8.0e+03","1.6e+01","PA"
"cashflow_NPV_dredge_check_nbuff19","   1288","   6993"," 18463","   8086","1.1e+01","8.1e+03","1.1e+01","PA"
"cashflow_NPV_dredge_check_nbuff20","   1227","   6967"," 17950","   7961","8.5e+00","8.0e+03","8.5e+00","PA"
"cashflow_NPV_dredge_check_nbuff21","   1244","   6888"," 17385","   7807","8.5e+00","7.8e+03","8.5e+00","PA"
"cashflow_NPV_dredge_check_nbuff22","   1263","   6790"," 16941","   7620","9.7e+00","7.6e+03","9.7e+00","PA"
"cashflow_NPV_dredge_check_nbuff23","   1193","   6639"," 16501","   7469","6.9e+00","7.5e+03","6.9e+00","PA"
"cashflow_NPV_dredge_check_nbuff24","   1176","   6503"," 16119","   7296","7.3e+00","7.3e+03","7.3e+00","PA"
"cashflow_NPV_dredge_check_nbuff25","   1097","   6311"," 15805","   7064","6.5e+00","7.1e+03","6.5e+00","PA"
"cashflow_NPV_dredge_check_nbuff26","   1066","   6101"," 15041","   6832","6.1e+00","6.8e+03","6.1e+00","PA"
"cashflow_NPV_dredge_check_nbuff27","   1002","   5899"," 14681","   6607","5.4e+00","6.6e+03","5.4e+00","PA"
"cashflow_NPV_dredge_check_nbuff28","    957","   5750"," 14109","   6390","4.5e+00","6.4e+03","4.5e+00","PA"
"cashflow_NPV_dredge_check_nbuff29","    843","   5516"," 13523","   6104","4.8e+00","6.1e+03","4.8e+00","PA"
"cashflow_NPV_dredge_check_nbuff30","    837","   5297"," 13042","   5864","4.2e+00","5.9e+03","4.2e+00","PA"
"cashflow_NPV_dredge_ncheck_buff1","-259575","-169839","-15896","-144443","1.4e+05","3.2e+01","3.2e+01","SQ"
"cashflow_NPV_dredge_ncheck_buff2","  -6763","   6620"," 22276","   7185","8.6e+02","8.0e+03","8.6e+02","PA"
"cashflow_NPV_dredge_ncheck_buff3","  -5668","   7827"," 23290","   8165","7.5e+02","8.9e+03","7.5e+02","PA"
"cashflow_NPV_dredge_ncheck_buff4","  -5097","   8607"," 24706","   9038","6.5e+02","9.7e+03","6.5e+02","PA"
"cashflow_NPV_dredge_ncheck_buff5","  -4132","   9174"," 26046","   9674","5.3e+02","1.0e+04","5.3e+02","PA"
"cashflow_NPV_dredge_ncheck_buff6","  -3432","   9717"," 26803","  10265","4.6e+02","1.1e+04","4.6e+02","PA"
"cashflow_NPV_dredge_ncheck_buff7","  -2002","  10442"," 28101","  11050","3.4e+02","1.1e+04","3.4e+02","PA"
"cashflow_NPV_dredge_ncheck_buff8","  -1301","  10946"," 28511","  11589","2.6e+02","1.2e+04","2.6e+02","PA"
"cashflow_NPV_dredge_ncheck_buff9","   -563","  11439"," 29536","  12130","1.9e+02","1.2e+04","1.9e+02","PA"
"cashflow_NPV_dredge_ncheck_buff10","   -335","  12016"," 29837","  12596","1.7e+02","1.3e+04","1.7e+02","PA"
"cashflow_NPV_dredge_ncheck_buff11","    -22","  12453"," 31066","  13201","1.1e+02","1.3e+04","1.1e+02","PA"
"cashflow_NPV_dredge_ncheck_buff12","    103","  12979"," 31704","  13537","8.9e+01","1.4e+04","8.9e+01","PA"
"cashflow_NPV_dredge_ncheck_buff13","    238","  13302"," 31786","  13819","5.9e+01","1.4e+04","5.9e+01","PA"
"cashflow_NPV_dredge_ncheck_buff14","    319","  13527"," 32717","  14102","4.5e+01","1.4e+04","4.5e+01","PA"
"cashflow_NPV_dredge_ncheck_buff15","    441","  13740"," 32295","  14229","4.1e+01","1.4e+04","4.1e+01","PA"
"cashflow_NPV_dredge_ncheck_buff16","    512","  14020"," 32664","  14443","2.7e+01","1.4e+04","2.7e+01","PA"
"cashflow_NPV_dredge_ncheck_buff17","    472","  14342"," 32965","  14578","2.7e+01","1.5e+04","2.7e+01","PA"
"cashflow_NPV_dredge_ncheck_buff18","    518","  14447"," 32618","  14592","1.9e+01","1.5e+04","1.9e+01","PA"
"cashflow_NPV_dredge_ncheck_buff19","    570","  14672"," 32880","  14727","1.5e+01","1.5e+04","1.5e+01","PA"
"cashflow_NPV_dredge_ncheck_buff20","    508","  14795"," 32986","  14739","1.4e+01","1.5e+04","1.4e+01","PA"
"cashflow_NPV_dredge_ncheck_buff21","    547","  15000"," 32929","  14732","1.3e+01","1.5e+04","1.3e+01","PA"
"cashflow_NPV_dredge_ncheck_buff22","    477","  15140"," 32722","  14779","1.2e+01","1.5e+04","1.2e+01","PA"
"cashflow_NPV_dredge_ncheck_buff23","    458","  15152"," 32411","  14723","1.1e+01","1.5e+04","1.1e+01","PA"
"cashflow_NPV_dredge_ncheck_buff24","    553","  15233"," 32224","  14715","8.4e+00","1.5e+04","8.4e+00","PA"
"cashflow_NPV_dredge_ncheck_buff25","    470","  15117"," 32473","  14627","9.7e+00","1.5e+04","9.7e+00","PA"
"cashflow_NPV_dredge_ncheck_buff26","    417","  15237"," 32240","  14600","7.7e+00","1.5e+04","7.7e+00","PA"
"cashflow_NPV_dredge_ncheck_buff27","    421","  15246"," 32094","  14541","7.2e+00","1.5e+04","7.2e+00","PA"
"cashflow_NPV_dredge_ncheck_buff28","    385","  15122"," 32123","  14465","7.2e+00","1.4e+04","7.2e+00","PA"
"cashflow_NPV_dredge_ncheck_buff29","    317","  15187"," 31803","  14320","7.3e+00","1.4e+04","7.3e+00","PA"
"cashflow_NPV_dredge_ncheck_buff30","    356","  15104"," 31664","  14213","7.5e+00","1.4e+04","7.5e+00","PA"
"cashflow_NPV_dredge_ncheck_nbuff1"," -26595"," -15048","  1114"," -13394","1.4e+04","3.5e+02","3.5e+02","SQ"
"cashflow_NPV_dredge_ncheck_nbuff2"," -10280","   1918"," 15277","   2234","1.6e+03","3.8e+03","1.6e+03","PA"
"cashflow_NPV_dredge_ncheck_nbuff3","  -9403","   2404"," 15886","   2721","1.5e+03","4.2e+03","1.5e+03","PA"
"cashflow_NPV_dredge_ncheck_nbuff4","  -8459","   2601"," 16120","   3122","1.3e+03","4.4e+03","1.3e+03","PA"
"cashflow_NPV_dredge_ncheck_nbuff5","  -7746","   2525"," 15931","   3188","1.2e+03","4.4e+03","1.2e+03","PA"
"cashflow_NPV_dredge_ncheck_nbuff6","  -7110","   2330"," 14947","   3039","1.0e+03","4.1e+03","1.0e+03","PA"
"cashflow_NPV_dredge_ncheck_nbuff7","  -6403","   2419"," 14431","   3161","8.8e+02","4.0e+03","8.8e+02","PA"
"cashflow_NPV_dredge_ncheck_nbuff8","  -5156","   2555"," 13953","   3297","7.1e+02","4.0e+03","7.1e+02","PA"
"cashflow_NPV_dredge_ncheck_nbuff9","  -3981","   2655"," 13164","   3409","5.6e+02","4.0e+03","5.6e+02","PA"
"cashflow_NPV_dredge_ncheck_nbuff10","  -3169","   2759"," 12803","   3463","4.5e+02","3.9e+03","4.5e+02","PA"
"cashflow_NPV_dredge_ncheck_nbuff11","  -2115","   2945"," 12324","   3605","3.4e+02","3.9e+03","3.4e+02","PA"
"cashflow_NPV_dredge_ncheck_nbuff12","  -1532","   2983"," 11482","   3615","2.6e+02","3.9e+03","2.6e+02","PA"
"cashflow_NPV_dredge_ncheck_nbuff13","   -963","   3039"," 10744","   3607","1.8e+02","3.8e+03","1.8e+02","PA"
"cashflow_NPV_dredge_ncheck_nbuff14","   -667","   3150"," 10276","   3677","1.4e+02","3.8e+03","1.4e+02","PA"
"cashflow_NPV_dredge_ncheck_nbuff15","   -562","   3191","  9515","   3590","1.2e+02","3.7e+03","1.2e+02","PA"
"cashflow_NPV_dredge_ncheck_nbuff16","   -405","   3174","  9114","   3549","8.3e+01","3.6e+03","8.3e+01","PA"
"cashflow_NPV_dredge_ncheck_nbuff17","   -320","   3187","  8757","   3491","6.6e+01","3.6e+03","6.6e+01","PA"
"cashflow_NPV_dredge_ncheck_nbuff18","   -308","   3136","  8150","   3381","6.0e+01","3.4e+03","6.0e+01","PA"
"cashflow_NPV_dredge_ncheck_nbuff19","   -271","   3071","  7743","   3281","5.2e+01","3.3e+03","5.2e+01","PA"
"cashflow_NPV_dredge_ncheck_nbuff20","   -222","   2976","  7471","   3170","4.3e+01","3.2e+03","4.3e+01","PA"
"cashflow_NPV_dredge_ncheck_nbuff21","   -216","   2863","  7052","   3015","4.1e+01","3.1e+03","4.1e+01","PA"
"cashflow_NPV_dredge_ncheck_nbuff22","   -204","   2753","  6703","   2908","3.7e+01","2.9e+03","3.7e+01","PA"
"cashflow_NPV_dredge_ncheck_nbuff23","   -176","   2629","  6323","   2755","3.4e+01","2.8e+03","3.4e+01","PA"
"cashflow_NPV_dredge_ncheck_nbuff24","   -163","   2500","  6054","   2622","3.0e+01","2.7e+03","3.0e+01","PA"
"cashflow_NPV_dredge_ncheck_nbuff25","   -159","   2346","  5779","   2482","2.7e+01","2.5e+03","2.7e+01","PA"
"cashflow_NPV_dredge_ncheck_nbuff26","   -137","   2233","  5321","   2347","2.4e+01","2.4e+03","2.4e+01","PA"
"cashflow_NPV_dredge_ncheck_nbuff27","   -131","   2112","  5153","   2212","2.5e+01","2.2e+03","2.5e+01","PA"
"cashflow_NPV_dredge_ncheck_nbuff28","   -125","   1988","  4837","   2099","2.2e+01","2.1e+03","2.2e+01","PA"
"cashflow_NPV_dredge_ncheck_nbuff29","   -116","   1846","  4515","   1951","2.1e+01","2.0e+03","2.1e+01","PA"
"cashflow_NPV_dredge_ncheck_nbuff30","   -128","   1743","  4216","   1832","2.1e+01","1.9e+03","2.1e+01","PA"
"cashflow_NPV_ndredge_check_buff1","-285961","-194172","-41303","-169631","1.7e+05","3.0e+00","3.0e+00","SQ"
"cashflow_NPV_ndredge_check_buff2","  -6999","   6388"," 22236","   6882","9.4e+02","7.8e+03","9.4e+02","PA"
"cashflow_NPV_ndredge_check_buff3","  -6068","   7541"," 23246","   7911","8.0e+02","8.7e+03","8.0e+02","PA"
"cashflow_NPV_ndredge_check_buff4","  -4915","   8386"," 24747","   8934","6.3e+02","9.6e+03","6.3e+02","PA"
"cashflow_NPV_ndredge_check_buff5","  -4029","   9326"," 25714","   9864","5.2e+02","1.0e+04","5.2e+02","PA"
"cashflow_NPV_ndredge_check_buff6","  -2980","   9833"," 26464","  10462","4.3e+02","1.1e+04","4.3e+02","PA"
"cashflow_NPV_ndredge_check_buff7","  -1478","  10662"," 27934","  11394","3.0e+02","1.2e+04","3.0e+02","PA"
"cashflow_NPV_ndredge_check_buff8","   -879","  11047"," 28140","  11790","2.3e+02","1.2e+04","2.3e+02","PA"
"cashflow_NPV_ndredge_check_buff9","   -427","  11875"," 29746","  12564","1.8e+02","1.3e+04","1.8e+02","PA"
"cashflow_NPV_ndredge_check_buff10","   -352","  12333"," 30188","  13008","1.5e+02","1.3e+04","1.5e+02","PA"
"cashflow_NPV_ndredge_check_buff11","    -47","  12864"," 31548","  13653","1.1e+02","1.4e+04","1.1e+02","PA"
"cashflow_NPV_ndredge_check_buff12","     50","  13312"," 32189","  14170","8.8e+01","1.4e+04","8.8e+01","PA"
"cashflow_NPV_ndredge_check_buff13","    104","  13699"," 32468","  14506","6.2e+01","1.5e+04","6.2e+01","PA"
"cashflow_NPV_ndredge_check_buff14","    229","  14027"," 33491","  14902","4.5e+01","1.5e+04","4.5e+01","PA"
"cashflow_NPV_ndredge_check_buff15","    206","  14341"," 33386","  15157","3.6e+01","1.5e+04","3.6e+01","PA"
"cashflow_NPV_ndredge_check_buff16","    235","  14437"," 34078","  15339","3.1e+01","1.5e+04","3.1e+01","PA"
"cashflow_NPV_ndredge_check_buff17","    263","  14836"," 33795","  15579","2.8e+01","1.6e+04","2.8e+01","PA"
"cashflow_NPV_ndredge_check_buff18","    311","  15037"," 34132","  15589","1.9e+01","1.6e+04","1.9e+01","PA"
"cashflow_NPV_ndredge_check_buff19","    239","  15240"," 34269","  15730","2.1e+01","1.6e+04","2.1e+01","PA"
"cashflow_NPV_ndredge_check_buff20","    214","  15329"," 34427","  15824","1.8e+01","1.6e+04","1.8e+01","PA"
"cashflow_NPV_ndredge_check_buff21","    198","  15402"," 34132","  15795","1.7e+01","1.6e+04","1.7e+01","PA"
"cashflow_NPV_ndredge_check_buff22","    177","  15467"," 34018","  15791","1.4e+01","1.6e+04","1.4e+01","PA"
"cashflow_NPV_ndredge_check_buff23","    179","  15389"," 34040","  15778","1.4e+01","1.6e+04","1.4e+01","PA"
"cashflow_NPV_ndredge_check_buff24","    165","  15601"," 33549","  15762","1.3e+01","1.6e+04","1.3e+01","PA"
"cashflow_NPV_ndredge_check_buff25","    139","  15549"," 33553","  15668","1.1e+01","1.6e+04","1.1e+01","PA"
"cashflow_NPV_ndredge_check_buff26","    150","  15675"," 33668","  15654","1.0e+01","1.6e+04","1.0e+01","PA"
"cashflow_NPV_ndredge_check_buff27","    143","  15679"," 33622","  15571","9.7e+00","1.6e+04","9.7e+00","PA"
"cashflow_NPV_ndredge_check_buff28","    122","  15578"," 33309","  15490","9.2e+00","1.5e+04","9.2e+00","PA"
"cashflow_NPV_ndredge_check_buff29","    147","  15539"," 33229","  15324","7.9e+00","1.5e+04","7.9e+00","PA"
"cashflow_NPV_ndredge_check_buff30","    123","  15627"," 32853","  15221","8.8e+00","1.5e+04","8.8e+00","PA"
"cashflow_NPV_ndredge_check_nbuff1"," -55372"," -42408","-16134"," -38909","3.9e+04","4.1e+01","4.1e+01","SQ"
"cashflow_NPV_ndredge_check_nbuff2"," -10568","   1314"," 14815","   1702","1.8e+03","3.5e+03","1.8e+03","PA"
"cashflow_NPV_ndredge_check_nbuff3","  -9286","   2130"," 15265","   2510","1.5e+03","4.0e+03","1.5e+03","PA"
"cashflow_NPV_ndredge_check_nbuff4","  -8175","   2794"," 16205","   3276","1.3e+03","4.5e+03","1.3e+03","PA"
"cashflow_NPV_ndredge_check_nbuff5","  -7630","   3110"," 16666","   3761","1.1e+03","4.9e+03","1.1e+03","PA"
"cashflow_NPV_ndredge_check_nbuff6","  -6399","   3395"," 17320","   4143","9.2e+02","5.1e+03","9.2e+02","PA"
"cashflow_NPV_ndredge_check_nbuff7","  -5324","   3439"," 16908","   4371","7.6e+02","5.1e+03","7.6e+02","PA"
"cashflow_NPV_ndredge_check_nbuff8","  -4621","   3391"," 16271","   4319","6.2e+02","4.9e+03","6.2e+02","PA"
"cashflow_NPV_ndredge_check_nbuff9","  -3454","   3481"," 16053","   4519","4.8e+02","5.0e+03","4.8e+02","PA"
"cashflow_NPV_ndredge_check_nbuff10","  -2660","   3699"," 15743","   4679","4.0e+02","5.1e+03","4.0e+02","PA"
"cashflow_NPV_ndredge_check_nbuff11","  -1723","   3994"," 15784","   4916","2.9e+02","5.2e+03","2.9e+02","PA"
"cashflow_NPV_ndredge_check_nbuff12","  -1236","   4230"," 15500","   5117","2.3e+02","5.4e+03","2.3e+02","PA"
"cashflow_NPV_ndredge_check_nbuff13","   -851","   4339"," 15333","   5220","1.7e+02","5.4e+03","1.7e+02","PA"
"cashflow_NPV_ndredge_check_nbuff14","   -650","   4567"," 15034","   5343","1.3e+02","5.5e+03","1.3e+02","PA"
"cashflow_NPV_ndredge_check_nbuff15","   -633","   4730"," 14439","   5305","1.2e+02","5.4e+03","1.2e+02","PA"
"cashflow_NPV_ndredge_check_nbuff16","   -473","   4801"," 14185","   5373","9.0e+01","5.5e+03","9.0e+01","PA"
"cashflow_NPV_ndredge_check_nbuff17","   -450","   4916"," 13871","   5393","7.7e+01","5.5e+03","7.7e+01","PA"
"cashflow_NPV_ndredge_check_nbuff18","   -392","   4877"," 13210","   5268","7.2e+01","5.3e+03","7.2e+01","PA"
"cashflow_NPV_ndredge_check_nbuff19","   -322","   4913"," 13010","   5271","5.7e+01","5.3e+03","5.7e+01","PA"
"cashflow_NPV_ndredge_check_nbuff20","   -331","   4908"," 12437","   5170","5.3e+01","5.2e+03","5.3e+01","PA"
"cashflow_NPV_ndredge_check_nbuff21","   -264","   4836"," 12006","   5042","4.7e+01","5.1e+03","4.7e+01","PA"
"cashflow_NPV_ndredge_check_nbuff22","   -282","   4739"," 11639","   4911","4.5e+01","5.0e+03","4.5e+01","PA"
"cashflow_NPV_ndredge_check_nbuff23","   -263","   4620"," 11354","   4797","4.1e+01","4.8e+03","4.1e+01","PA"
"cashflow_NPV_ndredge_check_nbuff24","   -234","   4508"," 11135","   4640","3.7e+01","4.7e+03","3.7e+01","PA"
"cashflow_NPV_ndredge_check_nbuff25","   -202","   4314"," 10534","   4468","3.4e+01","4.5e+03","3.4e+01","PA"
"cashflow_NPV_ndredge_check_nbuff26","   -175","   4127"," 10117","   4290","3.0e+01","4.3e+03","3.0e+01","PA"
"cashflow_NPV_ndredge_check_nbuff27","   -202","   3973","  9764","   4111","3.0e+01","4.1e+03","3.0e+01","PA"
"cashflow_NPV_ndredge_check_nbuff28","   -163","   3800","  9366","   3947","2.7e+01","4.0e+03","2.7e+01","PA"
"cashflow_NPV_ndredge_check_nbuff29","   -169","   3651","  8827","   3761","2.6e+01","3.8e+03","2.6e+01","PA"
"cashflow_NPV_ndredge_check_nbuff30","   -174","   3471","  8451","   3583","2.7e+01","3.6e+03","2.7e+01","PA"
"cashflow_NPV_ndredge_ncheck_buff1","-244986","-155823","  -356","-130522","1.3e+05","1.7e+02","1.7e+02","SQ"
"cashflow_NPV_ndredge_ncheck_buff2","  -8143","   6140"," 22433","   6477","1.1e+03","7.6e+03","1.1e+03","PA"
"cashflow_NPV_ndredge_ncheck_buff3","  -7535","   7108"," 22892","   7154","1.0e+03","8.2e+03","1.0e+03","PA"
"cashflow_NPV_ndredge_ncheck_buff4","  -6752","   7821"," 24269","   7903","9.1e+02","8.8e+03","9.1e+02","PA"
"cashflow_NPV_ndredge_ncheck_buff5","  -6034","   8244"," 25072","   8460","8.0e+02","9.3e+03","8.0e+02","PA"
"cashflow_NPV_ndredge_ncheck_buff6","  -5099","   8784"," 26255","   9056","6.9e+02","9.7e+03","6.9e+02","PA"
"cashflow_NPV_ndredge_ncheck_buff7","  -4360","   9490"," 26890","   9608","6.1e+02","1.0e+04","6.1e+02","PA"
"cashflow_NPV_ndredge_ncheck_buff8","  -3237","   9755"," 27546","  10055","4.6e+02","1.1e+04","4.6e+02","PA"
"cashflow_NPV_ndredge_ncheck_buff9","  -2379","  10194"," 28772","  10550","3.7e+02","1.1e+04","3.7e+02","PA"
"cashflow_NPV_ndredge_ncheck_buff10","  -2060","  10702"," 28482","  10719","3.5e+02","1.1e+04","3.5e+02","PA"
"cashflow_NPV_ndredge_ncheck_buff11","  -1536","  11263"," 29735","  11229","2.8e+02","1.2e+04","2.8e+02","PA"
"cashflow_NPV_ndredge_ncheck_buff12","  -1259","  11674"," 29790","  11491","2.5e+02","1.2e+04","2.5e+02","PA"
"cashflow_NPV_ndredge_ncheck_buff13","   -988","  11802"," 29723","  11634","1.8e+02","1.2e+04","1.8e+02","PA"
"cashflow_NPV_ndredge_ncheck_buff14","   -931","  12366"," 29884","  11889","1.6e+02","1.2e+04","1.6e+02","PA"
"cashflow_NPV_ndredge_ncheck_buff15","   -820","  12562"," 30103","  12083","1.5e+02","1.2e+04","1.5e+02","PA"
"cashflow_NPV_ndredge_ncheck_buff16","   -707","  12819"," 30066","  12211","1.2e+02","1.2e+04","1.2e+02","PA"
"cashflow_NPV_ndredge_ncheck_buff17","   -596","  13214"," 30253","  12385","1.0e+02","1.2e+04","1.0e+02","PA"
"cashflow_NPV_ndredge_ncheck_buff18","   -519","  13401"," 30565","  12497","8.7e+01","1.3e+04","8.7e+01","PA"
"cashflow_NPV_ndredge_ncheck_buff19","   -508","  13720"," 30576","  12645","8.3e+01","1.3e+04","8.3e+01","PA"
"cashflow_NPV_ndredge_ncheck_buff20","   -489","  13775"," 30384","  12709","7.7e+01","1.3e+04","7.7e+01","PA"
"cashflow_NPV_ndredge_ncheck_buff21","   -457","  14016"," 30070","  12768","6.9e+01","1.3e+04","6.9e+01","PA"
"cashflow_NPV_ndredge_ncheck_buff22","   -414","  14109"," 30305","  12879","6.3e+01","1.3e+04","6.3e+01","PA"
"cashflow_NPV_ndredge_ncheck_buff23","   -389","  14051"," 30458","  12876","5.9e+01","1.3e+04","5.9e+01","PA"
"cashflow_NPV_ndredge_ncheck_buff24","   -353","  14185"," 30038","  12885","5.4e+01","1.3e+04","5.4e+01","PA"
"cashflow_NPV_ndredge_ncheck_buff25","   -350","  14130"," 30029","  12848","5.2e+01","1.3e+04","5.2e+01","PA"
"cashflow_NPV_ndredge_ncheck_buff26","   -312","  14311"," 29699","  12887","4.7e+01","1.3e+04","4.7e+01","PA"
"cashflow_NPV_ndredge_ncheck_buff27","   -314","  14247"," 29580","  12820","4.5e+01","1.3e+04","4.5e+01","PA"
"cashflow_NPV_ndredge_ncheck_buff28","   -267","  14196"," 29460","  12771","4.0e+01","1.3e+04","4.0e+01","PA"
"cashflow_NPV_ndredge_ncheck_buff29","   -251","  14180"," 29487","  12681","3.8e+01","1.3e+04","3.8e+01","PA"
"cashflow_NPV_ndredge_ncheck_buff30","   -264","  14150"," 28976","  12602","4.0e+01","1.3e+04","4.0e+01","PA"
